{"cameraMode":{"drawMode":0,"name":"Shaded","section":"Shading Mode"},"sceneLighting":true,"audioPlay":false,"sceneViewState":{"m_AlwaysRefresh":false,"showFog":true,"showSkybox":true,"showFlares":true,"showImageEffects":true,"showParticleSystems":true,"showVisualEffectGraphs":true,"m_FxEnabled":true},"in2DMode":false,"pivot":{"x":152.37142944335938,"y":136.85325622558595,"z":-72.49486541748047},"rotation":{"x":0.19316990673542024,"y":-0.005880710203200579,"z":0.0011917820665985346,"w":0.9811261892318726},"size":132.88027954101563,"orthographic":false}